prd_id,prd_key,prd_nm,prd_cost,prd_line,prd_start_dt,prd_end_dt,updated_at
210,CO-RF-FR-R92B-58,HL Road Frame - Black- 58,,R ,2003-07-01,,2026-08-22 11:42:50
211,CO-RF-FR-R92R-58,HL Road Frame - Red- 58,,R ,2003-07-01,,2026-08-22 11:42:50
212,AC-HE-HL-U509-R,Sport-100 Helmet- Red,12.0,S ,2011-07-01,2007-12-28,2026-08-22 11:42:50
213,AC-HE-HL-U509-R,Sport-100 Helmet- Red,14.0,S ,2012-07-01,2008-12-27,2026-08-22 11:42:50
214,AC-HE-HL-U509-R,Sport-100 Helmet- Red,13.0,S ,2013-07-01,,2026-08-22 11:42:50
215,AC-HE-HL-U509,Sport-100 Helmet- Black,12.0,S ,2011-07-01,2007-12-28,2026-08-22 11:42:50
216,AC-HE-HL-U509,Sport-100 Helmet- Black,14.0,S ,2012-07-01,2008-12-27,2026-08-22 11:42:50
217,AC-HE-HL-U509,Sport-100 Helmet- Black,13.0,S ,2013-07-01,,2026-08-22 11:42:50
218,CL-SO-SO-B909-M,Mountain Bike Socks- M,3.0,M ,2011-07-01,2007-12-28,2026-08-22 11:42:50
219,CL-SO-SO-B909-L,Mountain Bike Socks- L,3.0,M ,2011-07-01,2007-12-28,2026-08-22 11:42:50
220,AC-HE-HL-U509-B,Sport-100 Helmet- Blue,12.0,S ,2011-07-01,2007-12-28,2026-08-22 11:42:50
221,AC-HE-HL-U509-B,Sport-100 Helmet- Blue,14.0,S ,2012-07-01,2008-12-27,2026-08-22 11:42:50
222,AC-HE-HL-U509-B,Sport-100 Helmet- Blue,13.0,S ,2013-07-01,,2026-08-22 11:42:50
223,CL-CA-CA-1098,AWC Logo Cap,6.0,S ,2011-07-01,2007-12-28,2026-08-22 11:42:50
224,CL-CA-CA-1098,AWC Logo Cap,5.0,S ,2012-07-01,2008-12-27,2026-08-22 11:42:50
225,CL-CA-CA-1098,AWC Logo Cap,7.0,S ,2013-07-01,,2026-08-22 11:42:50
226,CL-JE-LJ-0192-S,Long-Sleeve Logo Jersey- S,32.0,S ,2011-07-01,2007-12-28,2026-08-22 11:42:50
227,CL-JE-LJ-0192-S,Long-Sleeve Logo Jersey- S,29.0,S ,2012-07-01,2008-12-27,2026-08-22 11:42:50
228,CL-JE-LJ-0192-S,Long-Sleeve Logo Jersey- S,38.0,S ,2013-07-01,,2026-08-22 11:42:50
229,CL-JE-LJ-0192-M,Long-Sleeve Logo Jersey- M,32.0,S ,2011-07-01,2007-12-28,2026-08-22 11:42:50
230,CL-JE-LJ-0192-M,Long-Sleeve Logo Jersey- M,29.0,S ,2012-07-01,2008-12-27,2026-08-22 11:42:50
231,CL-JE-LJ-0192-M,Long-Sleeve Logo Jersey- M,38.0,S ,2013-07-01,,2026-08-22 11:42:50
232,CL-JE-LJ-0192-L,Long-Sleeve Logo Jersey- L,32.0,S ,2011-07-01,2007-12-28,2026-08-22 11:42:50
233,CL-JE-LJ-0192-L,Long-Sleeve Logo Jersey- L,29.0,S ,2012-07-01,2008-12-27,2026-08-22 11:42:50
234,CL-JE-LJ-0192-L,Long-Sleeve Logo Jersey- L,38.0,S ,2013-07-01,,2026-08-22 11:42:50
235,CL-JE-LJ-0192-X,Long-Sleeve Logo Jersey- XL,32.0,S ,2011-07-01,2007-12-28,2026-08-22 11:42:50
236,CL-JE-LJ-0192-X,Long-Sleeve Logo Jersey- XL,29.0,S ,2012-07-01,2008-12-27,2026-08-22 11:42:50
237,CL-JE-LJ-0192-X,Long-Sleeve Logo Jersey- XL,38.0,S ,2013-07-01,,2026-08-22 11:42:50
238,CO-RF-FR-R92R-62,HL Road Frame - Red- 62,748.0,R ,2011-07-01,2007-12-28,2026-08-22 11:42:50
239,CO-RF-FR-R92R-62,HL Road Frame - Red- 62,722.0,R ,2012-07-01,2008-12-27,2026-08-22 11:42:50
240,CO-RF-FR-R92R-62,HL Road Frame - Red- 62,869.0,R ,2013-07-01,,2026-08-22 11:42:50
241,CO-RF-FR-R92R-44,HL Road Frame - Red- 44,748.0,R ,2011-07-01,2007-12-28,2026-08-22 11:42:50
242,CO-RF-FR-R92R-44,HL Road Frame - Red- 44,722.0,R ,2012-07-01,2008-12-27,2026-08-22 11:42:50
243,CO-RF-FR-R92R-44,HL Road Frame - Red- 44,869.0,R ,2013-07-01,,2026-08-22 11:42:50
244,CO-RF-FR-R92R-48,HL Road Frame - Red- 48,748.0,R ,2011-07-01,2007-12-28,2026-08-22 11:42:50
245,CO-RF-FR-R92R-48,HL Road Frame - Red- 48,722.0,R ,2012-07-01,2008-12-27,2026-08-22 11:42:50
246,CO-RF-FR-R92R-48,HL Road Frame - Red- 48,869.0,R ,2013-07-01,,2026-08-22 11:42:50
247,CO-RF-FR-R92R-52,HL Road Frame - Red- 52,748.0,R ,2011-07-01,2007-12-28,2026-08-22 11:42:50
248,CO-RF-FR-R92R-52,HL Road Frame - Red- 52,722.0,R ,2012-07-01,2008-12-27,2026-08-22 11:42:50
249,CO-RF-FR-R92R-52,HL Road Frame - Red- 52,869.0,R ,2013-07-01,,2026-08-22 11:42:50
250,CO-RF-FR-R92R-56,HL Road Frame - Red- 56,748.0,R ,2011-07-01,2007-12-28,2026-08-22 11:42:50
251,CO-RF-FR-R92R-56,HL Road Frame - Red- 56,722.0,R ,2012-07-01,2008-12-27,2026-08-22 11:42:50
252,CO-RF-FR-R92R-56,HL Road Frame - Red- 56,869.0,R ,2013-07-01,,2026-08-22 11:42:50
253,CO-RF-FR-R38B-58,LL Road Frame - Black- 58,176.0,R ,2011-07-01,2007-12-28,2026-08-22 11:42:50
254,CO-RF-FR-R38B-58,LL Road Frame - Black- 58,170.0,R ,2012-07-01,2008-12-27,2026-08-22 11:42:50
255,CO-RF-FR-R38B-58,LL Road Frame - Black- 58,205.0,R ,2013-07-01,,2026-08-22 11:42:50
256,CO-RF-FR-R38B-60,LL Road Frame - Black- 60,176.0,R ,2011-07-01,2007-12-28,2026-08-22 11:42:50
257,CO-RF-FR-R38B-60,LL Road Frame - Black- 60,170.0,R ,2012-07-01,2008-12-27,2026-08-22 11:42:50
258,CO-RF-FR-R38B-60,LL Road Frame - Black- 60,205.0,R ,2013-07-01,,2026-08-22 11:42:50
259,CO-RF-FR-R38B-62,LL Road Frame - Black- 62,176.0,R ,2011-07-01,2007-12-28,2026-08-22 11:42:50
260,CO-RF-FR-R38B-62,LL Road Frame - Black- 62,170.0,R ,2012-07-01,2008-12-27,2026-08-22 11:42:50
261,CO-RF-FR-R38B-62,LL Road Frame - Black- 62,205.0,R ,2013-07-01,,2026-08-22 11:42:50
262,CO-RF-FR-R38R-44,LL Road Frame - Red- 44,181.0,R ,2011-07-01,2007-12-28,2026-08-22 11:42:50
263,CO-RF-FR-R38R-44,LL Road Frame - Red- 44,187.0,R ,2012-07-01,2008-12-27,2026-08-22 11:42:50
264,CO-RF-FR-R38R-48,LL Road Frame - Red- 48,181.0,R ,2011-07-01,2007-12-28,2026-08-22 11:42:50
265,CO-RF-FR-R38R-48,LL Road Frame - Red- 48,187.0,R ,2012-07-01,2008-12-27,2026-08-22 11:42:50
266,CO-RF-FR-R38R-52,LL Road Frame - Red- 52,181.0,R ,2011-07-01,2007-12-28,2026-08-22 11:42:50
267,CO-RF-FR-R38R-52,LL Road Frame - Red- 52,187.0,R ,2012-07-01,2008-12-27,2026-08-22 11:42:50
268,CO-RF-FR-R38R-58,LL Road Frame - Red- 58,181.0,R ,2011-07-01,2007-12-28,2026-08-22 11:42:50
269,CO-RF-FR-R38R-58,LL Road Frame - Red- 58,187.0,R ,2012-07-01,2008-12-27,2026-08-22 11:42:50
270,CO-RF-FR-R38R-60,LL Road Frame - Red- 60,181.0,R ,2011-07-01,2007-12-28,2026-08-22 11:42:50
271,CO-RF-FR-R38R-60,LL Road Frame - Red- 60,187.0,R ,2012-07-01,2008-12-27,2026-08-22 11:42:50
272,CO-RF-FR-R38R-62,LL Road Frame - Red- 62,181.0,R ,2011-07-01,2007-12-28,2026-08-22 11:42:50
273,CO-RF-FR-R38R-62,LL Road Frame - Red- 62,187.0,R ,2012-07-01,2008-12-27,2026-08-22 11:42:50
274,CO-RF-FR-R72R-44,ML Road Frame - Red- 44,352.0,R ,2011-07-01,2007-12-28,2026-08-22 11:42:50
275,CO-RF-FR-R72R-48,ML Road Frame - Red- 48,352.0,R ,2011-07-01,2007-12-28,2026-08-22 11:42:50
276,CO-RF-FR-R72R-52,ML Road Frame - Red- 52,352.0,R ,2011-07-01,2007-12-28,2026-08-22 11:42:50
277,CO-RF-FR-R72R-58,ML Road Frame - Red- 58,352.0,R ,2011-07-01,2007-12-28,2026-08-22 11:42:50
278,CO-RF-FR-R72R-60,ML Road Frame - Red- 60,352.0,R ,2011-07-01,2007-12-28,2026-08-22 11:42:50
279,CO-RF-FR-R38B-44,LL Road Frame - Black- 44,176.0,R ,2011-07-01,2007-12-28,2026-08-22 11:42:50
280,CO-RF-FR-R38B-44,LL Road Frame - Black- 44,170.0,R ,2012-07-01,2008-12-27,2026-08-22 11:42:50
281,CO-RF-FR-R38B-44,LL Road Frame - Black- 44,205.0,R ,2013-07-01,,2026-08-22 11:42:50
282,CO-RF-FR-R38B-48,LL Road Frame - Black- 48,176.0,R ,2011-07-01,2007-12-28,2026-08-22 11:42:50
283,CO-RF-FR-R38B-48,LL Road Frame - Black- 48,170.0,R ,2012-07-01,2008-12-27,2026-08-22 11:42:50
284,CO-RF-FR-R38B-48,LL Road Frame - Black- 48,205.0,R ,2013-07-01,,2026-08-22 11:42:50
285,CO-RF-FR-R38B-52,LL Road Frame - Black- 52,176.0,R ,2011-07-01,2007-12-28,2026-08-22 11:42:50
286,CO-RF-FR-R38B-52,LL Road Frame - Black- 52,170.0,R ,2012-07-01,2008-12-27,2026-08-22 11:42:50
287,CO-RF-FR-R38B-52,LL Road Frame - Black- 52,205.0,R ,2013-07-01,,2026-08-22 11:42:50
288,CO-MF-FR-M94S-42,HL Mountain Frame - Silver- 42,624.0,M ,2011-07-01,2007-12-28,2026-08-22 11:42:50
289,CO-MF-FR-M94S-42,HL Mountain Frame - Silver- 42,661.0,M ,2012-07-01,2008-12-27,2026-08-22 11:42:50
290,CO-MF-FR-M94S-42,HL Mountain Frame - Silver- 42,747.0,M ,2013-07-01,,2026-08-22 11:42:50
291,CO-MF-FR-M94S-44,HL Mountain Frame - Silver- 44,707.0,M ,2011-07-01,2007-12-28,2026-08-22 11:42:50
292,CO-MF-FR-M94S-52,HL Mountain Frame - Silver- 48,707.0,M ,2011-07-01,2007-12-28,2026-08-22 11:42:50
293,CO-MF-FR-M94S-46,HL Mountain Frame - Silver- 46,624.0,M ,2011-07-01,2007-12-28,2026-08-22 11:42:50
294,CO-MF-FR-M94S-46,HL Mountain Frame - Silver- 46,661.0,M ,2012-07-01,2008-12-27,2026-08-22 11:42:50
295,CO-MF-FR-M94S-46,HL Mountain Frame - Silver- 46,747.0,M ,2013-07-01,,2026-08-22 11:42:50
296,CO-MF-FR-M94B-42,HL Mountain Frame - Black- 42,617.0,M ,2011-07-01,2007-12-28,2026-08-22 11:42:50
297,CO-MF-FR-M94B-42,HL Mountain Frame - Black- 42,654.0,M ,2012-07-01,2008-12-27,2026-08-22 11:42:50
298,CO-MF-FR-M94B-42,HL Mountain Frame - Black- 42,739.0,M ,2013-07-01,,2026-08-22 11:42:50
299,CO-MF-FR-M94B-44,HL Mountain Frame - Black- 44,699.0,M ,2011-07-01,2007-12-28,2026-08-22 11:42:50
300,CO-MF-FR-M94B-48,HL Mountain Frame - Black- 48,699.0,M ,2011-07-01,2007-12-28,2026-08-22 11:42:50
301,CO-MF-FR-M94B-46,HL Mountain Frame - Black- 46,617.0,M ,2011-07-01,2007-12-28,2026-08-22 11:42:50
302,CO-MF-FR-M94B-46,HL Mountain Frame - Black- 46,654.0,M ,2012-07-01,2008-12-27,2026-08-22 11:42:50
303,CO-MF-FR-M94B-46,HL Mountain Frame - Black- 46,739.0,M ,2013-07-01,,2026-08-22 11:42:50
304,CO-MF-FR-M94B-38,HL Mountain Frame - Black- 38,617.0,M ,2011-07-01,2007-12-28,2026-08-22 11:42:50
305,CO-MF-FR-M94B-38,HL Mountain Frame - Black- 38,654.0,M ,2012-07-01,2008-12-27,2026-08-22 11:42:50
306,CO-MF-FR-M94B-38,HL Mountain Frame - Black- 38,739.0,M ,2013-07-01,,2026-08-22 11:42:50
307,CO-MF-FR-M94S-38,HL Mountain Frame - Silver- 38,624.0,M ,2011-07-01,2007-12-28,2026-08-22 11:42:50
308,CO-MF-FR-M94S-38,HL Mountain Frame - Silver- 38,661.0,M ,2012-07-01,2008-12-27,2026-08-22 11:42:50
309,CO-MF-FR-M94S-38,HL Mountain Frame - Silver- 38,747.0,M ,2013-07-01,,2026-08-22 11:42:50
310,BI-RB-BK-R93R-62,Road-150 Red- 62,2171.0,R ,2011-07-01,2007-12-28,2026-08-22 11:42:50
311,BI-RB-BK-R93R-44,Road-150 Red- 44,2171.0,R ,2011-07-01,2007-12-28,2026-08-22 11:42:50
312,BI-RB-BK-R93R-48,Road-150 Red- 48,2171.0,R ,2011-07-01,2007-12-28,2026-08-22 11:42:50
313,BI-RB-BK-R93R-52,Road-150 Red- 52,2171.0,R ,2011-07-01,2007-12-28,2026-08-22 11:42:50
314,BI-RB-BK-R93R-56,Road-150 Red- 56,2171.0,R ,2011-07-01,2007-12-28,2026-08-22 11:42:50
315,BI-RB-BK-R68R-58,Road-450 Red- 58,885.0,R ,2011-07-01,2007-12-28,2026-08-22 11:42:50
316,BI-RB-BK-R68R-60,Road-450 Red- 60,885.0,R ,2011-07-01,2007-12-28,2026-08-22 11:42:50
317,BI-RB-BK-R68R-44,Road-450 Red- 44,885.0,R ,2011-07-01,2007-12-28,2026-08-22 11:42:50
318,BI-RB-BK-R68R-48,Road-450 Red- 48,885.0,R ,2011-07-01,2007-12-28,2026-08-22 11:42:50
319,BI-RB-BK-R68R-52,Road-450 Red- 52,885.0,R ,2011-07-01,2007-12-28,2026-08-22 11:42:50
320,BI-RB-BK-R50R-58,Road-650 Red- 58,413.0,R ,2011-07-01,2007-12-28,2026-08-22 11:42:50
321,BI-RB-BK-R50R-58,Road-650 Red- 58,487.0,R ,2012-07-01,2008-12-27,2026-08-22 11:42:50
322,BI-RB-BK-R50R-60,Road-650 Red- 60,413.0,R ,2011-07-01,2007-12-28,2026-08-22 11:42:50
323,BI-RB-BK-R50R-60,Road-650 Red- 60,487.0,R ,2012-07-01,2008-12-27,2026-08-22 11:42:50
324,BI-RB-BK-R50R-62,Road-650 Red- 62,413.0,R ,2011-07-01,2007-12-28,2026-08-22 11:42:50
325,BI-RB-BK-R50R-62,Road-650 Red- 62,487.0,R ,2012-07-01,2008-12-27,2026-08-22 11:42:50
326,BI-RB-BK-R50R-44,Road-650 Red- 44,413.0,R ,2011-07-01,2007-12-28,2026-08-22 11:42:50
327,BI-RB-BK-R50R-44,Road-650 Red- 44,487.0,R ,2012-07-01,2008-12-27,2026-08-22 11:42:50
328,BI-RB-BK-R50R-48,Road-650 Red- 48,413.0,R ,2011-07-01,2007-12-28,2026-08-22 11:42:50
329,BI-RB-BK-R50R-48,Road-650 Red- 48,487.0,R ,2012-07-01,2008-12-27,2026-08-22 11:42:50
330,BI-RB-BK-R50R-52,Road-650 Red- 52,413.0,R ,2011-07-01,2007-12-28,2026-08-22 11:42:50
331,BI-RB-BK-R50R-52,Road-650 Red- 52,487.0,R ,2012-07-01,2008-12-27,2026-08-22 11:42:50
332,BI-RB-BK-R50B-58,Road-650 Black- 58,413.0,R ,2011-07-01,2007-12-28,2026-08-22 11:42:50
333,BI-RB-BK-R50B-58,Road-650 Black- 58,487.0,R ,2012-07-01,2008-12-27,2026-08-22 11:42:50
334,BI-RB-BK-R50B-60,Road-650 Black- 60,413.0,R ,2011-07-01,2007-12-28,2026-08-22 11:42:50
335,BI-RB-BK-R50B-60,Road-650 Black- 60,487.0,R ,2012-07-01,2008-12-27,2026-08-22 11:42:50
336,BI-RB-BK-R50B-62,Road-650 Black- 62,413.0,R ,2011-07-01,2007-12-28,2026-08-22 11:42:50
337,BI-RB-BK-R50B-62,Road-650 Black- 62,487.0,R ,2012-07-01,2008-12-27,2026-08-22 11:42:50
338,BI-RB-BK-R50B-44,Road-650 Black- 44,413.0,R ,2011-07-01,2007-12-28,2026-08-22 11:42:50
339,BI-RB-BK-R50B-44,Road-650 Black- 44,487.0,R ,2012-07-01,2008-12-27,2026-08-22 11:42:50
340,BI-RB-BK-R50B-48,Road-650 Black- 48,413.0,R ,2011-07-01,2007-12-28,2026-08-22 11:42:50
341,BI-RB-BK-R50B-48,Road-650 Black- 48,487.0,R ,2012-07-01,2008-12-27,2026-08-22 11:42:50
342,BI-RB-BK-R50B-52,Road-650 Black- 52,413.0,R ,2011-07-01,2007-12-28,2026-08-22 11:42:50
343,BI-RB-BK-R50B-52,Road-650 Black- 52,487.0,R ,2012-07-01,2008-12-27,2026-08-22 11:42:50
344,BI-MB-BK-M82S-38,Mountain-100 Silver- 38,1912.0,M ,2011-07-01,2007-12-28,2026-08-22 11:42:50
345,BI-MB-BK-M82S-42,Mountain-100 Silver- 42,1912.0,M ,2011-07-01,2007-12-28,2026-08-22 11:42:50
346,BI-MB-BK-M82S-44,Mountain-100 Silver- 44,1912.0,M ,2011-07-01,2007-12-28,2026-08-22 11:42:50
347,BI-MB-BK-M82S-48,Mountain-100 Silver- 48,1912.0,M ,2011-07-01,2007-12-28,2026-08-22 11:42:50
348,BI-MB-BK-M82B-38,Mountain-100 Black- 38,1898.0,M ,2011-07-01,2007-12-28,2026-08-22 11:42:50
349,BI-MB-BK-M82B-42,Mountain-100 Black- 42,1898.0,M ,2011-07-01,2007-12-28,2026-08-22 11:42:50
350,BI-MB-BK-M82B-44,Mountain-100 Black- 44,1898.0,M ,2011-07-01,2007-12-28,2026-08-22 11:42:50
351,BI-MB-BK-M82B-48,Mountain-100 Black- 48,1898.0,M ,2011-07-01,2007-12-28,2026-08-22 11:42:50
352,BI-MB-BK-M68S-38,Mountain-200 Silver- 38,1118.0,M ,2012-07-01,2008-12-27,2026-08-22 11:42:50
353,BI-MB-BK-M68S-38,Mountain-200 Silver- 38,1266.0,M ,2013-07-01,,2026-08-22 11:42:50
354,BI-MB-BK-M68S-42,Mountain-200 Silver- 42,1118.0,M ,2012-07-01,2008-12-27,2026-08-22 11:42:50
355,BI-MB-BK-M68S-42,Mountain-200 Silver- 42,1266.0,M ,2013-07-01,,2026-08-22 11:42:50
356,BI-MB-BK-M68S-46,Mountain-200 Silver- 46,1118.0,M ,2012-07-01,2008-12-27,2026-08-22 11:42:50
357,BI-MB-BK-M68S-46,Mountain-200 Silver- 46,1266.0,M ,2013-07-01,,2026-08-22 11:42:50
358,BI-MB-BK-M68B-38,Mountain-200 Black- 38,1106.0,M ,2012-07-01,2008-12-27,2026-08-22 11:42:50
359,BI-MB-BK-M68B-38,Mountain-200 Black- 38,1252.0,M ,2013-07-01,,2026-08-22 11:42:50
360,BI-MB-BK-M68B-42,Mountain-200 Black- 42,1106.0,M ,2012-07-01,2008-12-27,2026-08-22 11:42:50
361,BI-MB-BK-M68B-42,Mountain-200 Black- 42,1252.0,M ,2013-07-01,,2026-08-22 11:42:50
362,BI-MB-BK-M68B-46,Mountain-200 Black- 46,1106.0,M ,2012-07-01,2008-12-27,2026-08-22 11:42:50
363,BI-MB-BK-M68B-46,Mountain-200 Black- 46,1252.0,M ,2013-07-01,,2026-08-22 11:42:50
364,BI-MB-BK-M47B-38,Mountain-300 Black- 38,598.0,M ,2012-07-01,2008-12-27,2026-08-22 11:42:50
365,BI-MB-BK-M47B-40,Mountain-300 Black- 40,598.0,M ,2012-07-01,2008-12-27,2026-08-22 11:42:50
366,BI-MB-BK-M47B-44,Mountain-300 Black- 44,598.0,M ,2012-07-01,2008-12-27,2026-08-22 11:42:50
367,BI-MB-BK-M47B-48,Mountain-300 Black- 48,598.0,M ,2012-07-01,2008-12-27,2026-08-22 11:42:50
368,BI-RB-BK-R89R-44,Road-250 Red- 44,1519.0,R ,2012-07-01,2008-12-27,2026-08-22 11:42:50
369,BI-RB-BK-R89R-48,Road-250 Red- 48,1519.0,R ,2012-07-01,2008-12-27,2026-08-22 11:42:50
370,BI-RB-BK-R89R-52,Road-250 Red- 52,1519.0,R ,2012-07-01,2008-12-27,2026-08-22 11:42:50
371,BI-RB-BK-R89R-58,Road-250 Red- 58,1321.0,R ,2012-07-01,2008-12-27,2026-08-22 11:42:50
372,BI-RB-BK-R89R-58,Road-250 Red- 58,1555.0,R ,2013-07-01,,2026-08-22 11:42:50
373,BI-RB-BK-R89B-44,Road-250 Black- 44,1321.0,R ,2012-07-01,2008-12-27,2026-08-22 11:42:50
374,BI-RB-BK-R89B-44,Road-250 Black- 44,1555.0,R ,2013-07-01,,2026-08-22 11:42:50
375,BI-RB-BK-R89B-48,Road-250 Black- 48,1321.0,R ,2012-07-01,2008-12-27,2026-08-22 11:42:50
376,BI-RB-BK-R89B-48,Road-250 Black- 48,1555.0,R ,2013-07-01,,2026-08-22 11:42:50
377,BI-RB-BK-R89B-52,Road-250 Black- 52,1321.0,R ,2012-07-01,2008-12-27,2026-08-22 11:42:50
378,BI-RB-BK-R89B-52,Road-250 Black- 52,1555.0,R ,2013-07-01,,2026-08-22 11:42:50
379,BI-RB-BK-R89B-58,Road-250 Black- 58,1321.0,R ,2012-07-01,2008-12-27,2026-08-22 11:42:50
380,BI-RB-BK-R89B-58,Road-250 Black- 58,1555.0,R ,2013-07-01,,2026-08-22 11:42:50
381,BI-RB-BK-R64Y-38,Road-550-W Yellow- 38,606.0,R ,2012-07-01,2008-12-27,2026-08-22 11:42:50
382,BI-RB-BK-R64Y-38,Road-550-W Yellow- 38,713.0,R ,2013-07-01,,2026-08-22 11:42:50
383,BI-RB-BK-R64Y-40,Road-550-W Yellow- 40,606.0,R ,2012-07-01,2008-12-27,2026-08-22 11:42:50
384,BI-RB-BK-R64Y-40,Road-550-W Yellow- 40,713.0,R ,2013-07-01,,2026-08-22 11:42:50
385,BI-RB-BK-R64Y-42,Road-550-W Yellow- 42,606.0,R ,2012-07-01,2008-12-27,2026-08-22 11:42:50
386,BI-RB-BK-R64Y-42,Road-550-W Yellow- 42,713.0,R ,2013-07-01,,2026-08-22 11:42:50
387,BI-RB-BK-R64Y-44,Road-550-W Yellow- 44,606.0,R ,2012-07-01,2008-12-27,2026-08-22 11:42:50
388,BI-RB-BK-R64Y-44,Road-550-W Yellow- 44,713.0,R ,2013-07-01,,2026-08-22 11:42:50
389,BI-RB-BK-R64Y-48,Road-550-W Yellow- 48,606.0,R ,2012-07-01,2008-12-27,2026-08-22 11:42:50
390,BI-RB-BK-R64Y-48,Road-550-W Yellow- 48,713.0,R ,2013-07-01,,2026-08-22 11:42:50
391,CO-FO-FK-1639,LL Fork,66.0,,2012-07-01,2008-12-27,2026-08-22 11:42:50
392,CO-FO-FK-5136,ML Fork,78.0,,2012-07-01,2008-12-27,2026-08-22 11:42:50
393,CO-FO-FK-9939,HL Fork,102.0,,2012-07-01,2008-12-27,2026-08-22 11:42:50
394,CO-HS-HS-0296,LL Headset,15.0,,2012-07-01,2008-12-27,2026-08-22 11:42:50
395,CO-HS-HS-2451,ML Headset,45.0,,2012-07-01,2008-12-27,2026-08-22 11:42:50
396,CO-HS-HS-3479,HL Headset,55.0,,2012-07-01,2008-12-27,2026-08-22 11:42:50
397,CO-HB-HB-M243,LL Mountain Handlebars,18.0,M ,2012-07-01,2008-12-27,2026-08-22 11:42:50
398,CO-HB-HB-M243,LL Mountain Handlebars,20.0,M ,2013-07-01,,2026-08-22 11:42:50
399,CO-HB-HB-M763,ML Mountain Handlebars,25.0,M ,2012-07-01,2008-12-27,2026-08-22 11:42:50
400,CO-HB-HB-M763,ML Mountain Handlebars,27.0,M ,2013-07-01,,2026-08-22 11:42:50
401,CO-HB-HB-M918,HL Mountain Handlebars,49.0,M ,2012-07-01,2008-12-27,2026-08-22 11:42:50
402,CO-HB-HB-M918,HL Mountain Handlebars,53.0,M ,2013-07-01,,2026-08-22 11:42:50
403,CO-HB-HB-R504,LL Road Handlebars,18.0,R ,2012-07-01,2008-12-27,2026-08-22 11:42:50
404,CO-HB-HB-R504,LL Road Handlebars,20.0,R ,2013-07-01,,2026-08-22 11:42:50
405,CO-HB-HB-R720,ML Road Handlebars,25.0,R ,2012-07-01,2008-12-27,2026-08-22 11:42:50
406,CO-HB-HB-R720,ML Road Handlebars,27.0,R ,2013-07-01,,2026-08-22 11:42:50
407,CO-HB-HB-R956,HL Road Handlebars,49.0,R ,2012-07-01,2008-12-27,2026-08-22 11:42:50
408,CO-HB-HB-R956,HL Road Handlebars,53.0,R ,2013-07-01,,2026-08-22 11:42:50
409,CO-MF-FR-M63B-38,ML Mountain Frame - Black- 38,186.0,M ,2012-07-01,2008-12-27,2026-08-22 11:42:50
410,CO-WH-FW-M423,LL Mountain Front Wheel,27.0,M ,2012-07-01,2008-12-27,2026-08-22 11:42:50
411,CO-WH-FW-M762,ML Mountain Front Wheel,93.0,M ,2012-07-01,2008-12-27,2026-08-22 11:42:50
412,CO-WH-FW-M928,HL Mountain Front Wheel,133.0,M ,2012-07-01,2008-12-27,2026-08-22 11:42:50
413,CO-WH-FW-R623,LL Road Front Wheel,38.0,R ,2012-07-01,2008-12-27,2026-08-22 11:42:50
414,CO-WH-FW-R762,ML Road Front Wheel,110.0,R ,2012-07-01,2008-12-27,2026-08-22 11:42:50
415,CO-WH-FW-R820,HL Road Front Wheel,147.0,R ,2012-07-01,2008-12-27,2026-08-22 11:42:50
416,CO-WH-FW-T905,Touring Front Wheel,97.0,T ,2012-07-01,2008-12-27,2026-08-22 11:42:50
417,CO-RF-FR-R72Y-38,ML Road Frame-W - Yellow- 38,300.0,R ,2012-07-01,2008-12-27,2026-08-22 11:42:50
418,CO-RF-FR-R72Y-38,ML Road Frame-W - Yellow- 38,361.0,R ,2013-07-01,,2026-08-22 11:42:50
419,CO-WH-RW-M423,LL Mountain Rear Wheel,39.0,M ,2012-07-01,2008-12-27,2026-08-22 11:42:50
420,CO-WH-RW-M762,ML Mountain Rear Wheel,105.0,M ,2012-07-01,2008-12-27,2026-08-22 11:42:50
421,CO-WH-RW-M928,HL Mountain Rear Wheel,145.0,M ,2012-07-01,2008-12-27,2026-08-22 11:42:50
422,CO-WH-RW-R623,LL Road Rear Wheel,50.0,R ,2012-07-01,2008-12-27,2026-08-22 11:42:50
423,CO-WH-RW-R762,ML Road Rear Wheel,122.0,R ,2012-07-01,2008-12-27,2026-08-22 11:42:50
424,CO-WH-RW-R820,HL Road Rear Wheel,159.0,R ,2012-07-01,2008-12-27,2026-08-22 11:42:50
425,CO-WH-RW-T905,Touring Rear Wheel,109.0,T ,2012-07-01,2008-12-27,2026-08-22 11:42:50
426,CO-MF-FR-M63B-40,ML Mountain Frame - Black- 40,186.0,M ,2012-07-01,2008-12-27,2026-08-22 11:42:50
427,CO-MF-FR-M63B-44,ML Mountain Frame - Black- 44,186.0,M ,2012-07-01,2008-12-27,2026-08-22 11:42:50
428,CO-MF-FR-M63B-48,ML Mountain Frame - Black- 48,186.0,M ,2012-07-01,2008-12-27,2026-08-22 11:42:50
429,CO-RF-FR-R72Y-40,ML Road Frame-W - Yellow- 40,300.0,R ,2012-07-01,2008-12-27,2026-08-22 11:42:50
430,CO-RF-FR-R72Y-40,ML Road Frame-W - Yellow- 40,361.0,R ,2013-07-01,,2026-08-22 11:42:50
431,CO-RF-FR-R72Y-42,ML Road Frame-W - Yellow- 42,300.0,R ,2012-07-01,2008-12-27,2026-08-22 11:42:50
432,CO-RF-FR-R72Y-42,ML Road Frame-W - Yellow- 42,361.0,R ,2013-07-01,,2026-08-22 11:42:50
433,CO-RF-FR-R72Y-44,ML Road Frame-W - Yellow- 44,300.0,R ,2012-07-01,2008-12-27,2026-08-22 11:42:50
434,CO-RF-FR-R72Y-44,ML Road Frame-W - Yellow- 44,361.0,R ,2013-07-01,,2026-08-22 11:42:50
435,CO-RF-FR-R72Y-48,ML Road Frame-W - Yellow- 48,300.0,R ,2012-07-01,2008-12-27,2026-08-22 11:42:50
436,CO-RF-FR-R72Y-48,ML Road Frame-W - Yellow- 48,361.0,R ,2013-07-01,,2026-08-22 11:42:50
437,CO-RF-FR-R92B-62,HL Road Frame - Black- 62,722.0,R ,2012-07-01,2008-12-27,2026-08-22 11:42:50
438,CO-RF-FR-R92B-62,HL Road Frame - Black- 62,869.0,R ,2013-07-01,,2026-08-22 11:42:50
439,CO-RF-FR-R92B-44,HL Road Frame - Black- 44,722.0,R ,2012-07-01,2008-12-27,2026-08-22 11:42:50
440,CO-RF-FR-R92B-44,HL Road Frame - Black- 44,869.0,R ,2013-07-01,,2026-08-22 11:42:50
441,CO-RF-FR-R92B-48,HL Road Frame - Black- 48,722.0,R ,2012-07-01,2008-12-27,2026-08-22 11:42:50
442,CO-RF-FR-R92B-48,HL Road Frame - Black- 48,869.0,R ,2013-07-01,,2026-08-22 11:42:50
443,CO-RF-FR-R92B-52,HL Road Frame - Black- 52,722.0,R ,2012-07-01,2008-12-27,2026-08-22 11:42:50
444,CO-RF-FR-R92B-52,HL Road Frame - Black- 52,869.0,R ,2013-07-01,,2026-08-22 11:42:50
445,CL-SH-SH-M897-S,Men's Sports Shorts- S,25.0,S ,2012-07-01,2008-12-27,2026-08-22 11:42:50
446,AC-PA-PA-T100,Touring-Panniers- Large,52.0,T ,2012-07-01,2008-12-27,2026-08-22 11:42:50
447,AC-LO-LO-C100,Cable Lock,10.0,S ,2012-07-01,2008-12-27,2026-08-22 11:42:50
448,AC-PU-PU-0452,Minipump,8.0,S ,2012-07-01,2008-12-27,2026-08-22 11:42:50
449,AC-PU-PU-M044,Mountain Pump,10.0,M ,2012-07-01,2008-12-27,2026-08-22 11:42:50
450,AC-LI-LT-T990,Taillights - Battery-Powered,6.0,R ,2012-07-01,2008-12-27,2026-08-22 11:42:50
451,AC-LI-LT-H902,Headlights - Dual-Beam,14.0,R ,2012-07-01,2008-12-27,2026-08-22 11:42:50
452,AC-LI-LT-H903,Headlights - Weatherproof,19.0,R ,2012-07-01,2008-12-27,2026-08-22 11:42:50
453,CL-SH-SH-M897-M,Men's Sports Shorts- M,25.0,S ,2012-07-01,2008-12-27,2026-08-22 11:42:50
454,CL-SH-SH-M897-L,Men's Sports Shorts- L,25.0,S ,2012-07-01,2008-12-27,2026-08-22 11:42:50
455,CL-SH-SH-M897-X,Men's Sports Shorts- XL,25.0,S ,2012-07-01,2008-12-27,2026-08-22 11:42:50
456,CL-TI-TG-W091-S,Women's Tights- S,31.0,S ,2012-07-01,2008-12-27,2026-08-22 11:42:50
457,CL-TI-TG-W091-M,Women's Tights- M,31.0,S ,2012-07-01,2008-12-27,2026-08-22 11:42:50
458,CL-TI-TG-W091-L,Women's Tights- L,31.0,S ,2012-07-01,2008-12-27,2026-08-22 11:42:50
459,CL-BS-SB-M891-S,Men's Bib-Shorts- S,37.0,S ,2012-07-01,2008-12-27,2026-08-22 11:42:50
460,CL-BS-SB-M891-M,Men's Bib-Shorts- M,37.0,S ,2012-07-01,2008-12-27,2026-08-22 11:42:50
461,CL-BS-SB-M891-L,Men's Bib-Shorts- L,37.0,S ,2012-07-01,2008-12-27,2026-08-22 11:42:50
462,CL-GL-GL-H102-S,Half-Finger Gloves- S,10.0,S ,2012-07-01,2008-12-27,2026-08-22 11:42:50
463,CL-GL-GL-H102-S,Half-Finger Gloves- S,9.0,S ,2013-07-01,,2026-08-22 11:42:50
464,CL-GL-GL-H102-M,Half-Finger Gloves- M,10.0,S ,2012-07-01,2008-12-27,2026-08-22 11:42:50
465,CL-GL-GL-H102-M,Half-Finger Gloves- M,9.0,S ,2013-07-01,,2026-08-22 11:42:50
466,CL-GL-GL-H102-L,Half-Finger Gloves- L,10.0,S ,2012-07-01,2008-12-27,2026-08-22 11:42:50
467,CL-GL-GL-H102-L,Half-Finger Gloves- L,9.0,S ,2013-07-01,,2026-08-22 11:42:50
468,CL-GL-GL-F110-S,Full-Finger Gloves- S,16.0,M ,2012-07-01,2008-12-27,2026-08-22 11:42:50
469,CL-GL-GL-F110-M,Full-Finger Gloves- M,16.0,M ,2012-07-01,2008-12-27,2026-08-22 11:42:50
470,CL-GL-GL-F110-L,Full-Finger Gloves- L,16.0,M ,2012-07-01,2008-12-27,2026-08-22 11:42:50
471,CL-VE-VE-C304-S,Classic Vest- S,24.0,S ,2013-07-01,,2026-08-22 11:42:50
472,CL-VE-VE-C304-M,Classic Vest- M,24.0,S ,2013-07-01,,2026-08-22 11:42:50
473,CL-VE-VE-C304-L,Classic Vest- L,24.0,S ,2013-07-01,,2026-08-22 11:42:50
474,CL-SH-SH-W890-S,Women's Mountain Shorts- S,26.0,M ,2013-07-01,,2026-08-22 11:42:50
475,CL-SH-SH-W890-M,Women's Mountain Shorts- M,26.0,M ,2013-07-01,,2026-08-22 11:42:50
476,CL-SH-SH-W890-L,Women's Mountain Shorts- L,26.0,M ,2013-07-01,,2026-08-22 11:42:50
477,AC-BC-WB-H098,Water Bottle - 30 oz.,2.0,S ,2013-07-01,,2026-08-22 11:42:50
478,AC-BC-BC-M005,Mountain Bottle Cage,4.0,M ,2013-07-01,,2026-08-22 11:42:50
479,AC-BC-BC-R205,Road Bottle Cage,3.0,R ,2013-07-01,,2026-08-22 11:42:50
480,AC-TT-PK-7098,Patch Kit/8 Patches,1.0,S ,2013-07-01,,2026-08-22 11:42:50
481,CL-SO-SO-R809-M,Racing Socks- M,3.0,R ,2013-07-01,,2026-08-22 11:42:50
482,CL-SO-SO-R809-L,Racing Socks- L,3.0,R ,2013-07-01,,2026-08-22 11:42:50
483,AC-BR-RA-H123,Hitch Rack - 4-Bike,45.0,S ,2013-07-01,,2026-08-22 11:42:50
484,AC-CL-CL-9009,Bike Wash - Dissolver,3.0,S ,2013-07-01,,2026-08-22 11:42:50
485,AC-FE-FE-6654,Fender Set - Mountain,8.0,M ,2013-07-01,,2026-08-22 11:42:50
486,AC-BS-ST-1401,All-Purpose Bike Stand,59.0,M ,2013-07-01,,2026-08-22 11:42:50
487,AC-HP-HY-1023-70,Hydration Pack - 70 oz.,21.0,S ,2013-07-01,,2026-08-22 11:42:50
488,CL-JE-SJ-0194-S,Short-Sleeve Classic Jersey- S,42.0,S ,2013-07-01,,2026-08-22 11:42:50
489,CL-JE-SJ-0194-M,Short-Sleeve Classic Jersey- M,42.0,S ,2013-07-01,,2026-08-22 11:42:50
490,CL-JE-SJ-0194-L,Short-Sleeve Classic Jersey- L,42.0,S ,2013-07-01,,2026-08-22 11:42:50
491,CL-JE-SJ-0194-X,Short-Sleeve Classic Jersey- XL,42.0,S ,2013-07-01,,2026-08-22 11:42:50
492,CO-TF-FR-T98Y-60,HL Touring Frame - Yellow- 60,602.0,T ,2013-07-01,,2026-08-22 11:42:50
493,CO-TF-FR-T67Y-62,LL Touring Frame - Yellow- 62,200.0,T ,2013-07-01,,2026-08-22 11:42:50
494,CO-TF-FR-T98Y-46,HL Touring Frame - Yellow- 46,602.0,T ,2013-07-01,,2026-08-22 11:42:50
495,CO-TF-FR-T98Y-50,HL Touring Frame - Yellow- 50,602.0,T ,2013-07-01,,2026-08-22 11:42:50
496,CO-TF-FR-T98Y-54,HL Touring Frame - Yellow- 54,602.0,T ,2013-07-01,,2026-08-22 11:42:50
497,CO-TF-FR-T98U-46,HL Touring Frame - Blue- 46,602.0,T ,2013-07-01,,2026-08-22 11:42:50
498,CO-TF-FR-T98U-50,HL Touring Frame - Blue- 50,602.0,T ,2013-07-01,,2026-08-22 11:42:50
499,CO-TF-FR-T98U-54,HL Touring Frame - Blue- 54,602.0,T ,2013-07-01,,2026-08-22 11:42:50
500,CO-TF-FR-T98U-60,HL Touring Frame - Blue- 60,602.0,T ,2013-07-01,,2026-08-22 11:42:50
501,CO-DE-RD-2308,Rear Derailleur,54.0,,2013-07-01,,2026-08-22 11:42:50
502,CO-TF-FR-T67U-50,LL Touring Frame - Blue- 50,200.0,T ,2013-07-01,,2026-08-22 11:42:50
503,CO-TF-FR-T67U-54,LL Touring Frame - Blue- 54,200.0,T ,2013-07-01,,2026-08-22 11:42:50
504,CO-TF-FR-T67U-58,LL Touring Frame - Blue- 58,200.0,T ,2013-07-01,,2026-08-22 11:42:50
505,CO-TF-FR-T67U-62,LL Touring Frame - Blue- 62,200.0,T ,2013-07-01,,2026-08-22 11:42:50
506,CO-TF-FR-T67Y-44,LL Touring Frame - Yellow- 44,200.0,T ,2013-07-01,,2026-08-22 11:42:50
507,CO-TF-FR-T67Y-50,LL Touring Frame - Yellow- 50,200.0,T ,2013-07-01,,2026-08-22 11:42:50
508,CO-TF-FR-T67Y-54,LL Touring Frame - Yellow- 54,200.0,T ,2013-07-01,,2026-08-22 11:42:50
509,CO-TF-FR-T67Y-58,LL Touring Frame - Yellow- 58,200.0,T ,2013-07-01,,2026-08-22 11:42:50
510,CO-TF-FR-T67U-44,LL Touring Frame - Blue- 44,200.0,T ,2013-07-01,,2026-08-22 11:42:50
511,CO-MF-FR-M63S-40,ML Mountain Frame-W - Silver- 40,199.0,M ,2013-07-01,,2026-08-22 11:42:50
512,CO-MF-FR-M63S-42,ML Mountain Frame-W - Silver- 42,199.0,M ,2013-07-01,,2026-08-22 11:42:50
513,CO-MF-FR-M63S-46,ML Mountain Frame-W - Silver- 46,199.0,M ,2013-07-01,,2026-08-22 11:42:50
514,CO-BR-RB-9231,Rear Brakes,47.0,,2013-07-01,,2026-08-22 11:42:50
515,CO-SA-SE-M236,LL Mountain Seat/Saddle,12.0,M ,2013-07-01,,2026-08-22 11:42:50
516,CO-SA-SE-M798,ML Mountain Seat/Saddle,17.0,M ,2013-07-01,,2026-08-22 11:42:50
517,CO-SA-SE-M940,HL Mountain Seat/Saddle,23.0,M ,2013-07-01,,2026-08-22 11:42:50
518,CO-SA-SE-R581,LL Road Seat/Saddle,12.0,R ,2013-07-01,,2026-08-22 11:42:50
519,CO-SA-SE-R908,ML Road Seat/Saddle,17.0,T ,2013-07-01,,2026-08-22 11:42:50
520,CO-SA-SE-R995,HL Road Seat/Saddle,23.0,R ,2013-07-01,,2026-08-22 11:42:50
521,CO-SA-SE-T312,LL Touring Seat/Saddle,12.0,T ,2013-07-01,,2026-08-22 11:42:50
522,CO-SA-SE-T762,ML Touring Seat/Saddle,17.0,T ,2013-07-01,,2026-08-22 11:42:50
523,CO-SA-SE-T924,HL Touring Seat/Saddle,23.0,T ,2013-07-01,,2026-08-22 11:42:50
524,CO-MF-FR-M21S-42,LL Mountain Frame - Silver- 42,145.0,M ,2013-07-01,,2026-08-22 11:42:50
525,CO-MF-FR-M21S-44,LL Mountain Frame - Silver- 44,145.0,M ,2013-07-01,,2026-08-22 11:42:50
526,CO-MF-FR-M21S-48,LL Mountain Frame - Silver- 48,145.0,M ,2013-07-01,,2026-08-22 11:42:50
527,CO-MF-FR-M21S-52,LL Mountain Frame - Silver- 52,145.0,M ,2013-07-01,,2026-08-22 11:42:50
528,AC-TT-TT-M928,Mountain Tire Tube,2.0,M ,2013-07-01,,2026-08-22 11:42:50
529,AC-TT-TT-R982,Road Tire Tube,1.0,R ,2013-07-01,,2026-08-22 11:42:50
530,AC-TT-TT-T092,Touring Tire Tube,2.0,T ,2013-07-01,,2026-08-22 11:42:50
531,CO-MF-FR-M21B-42,LL Mountain Frame - Black- 42,137.0,M ,2013-07-01,,2026-08-22 11:42:50
532,CO-MF-FR-M21B-44,LL Mountain Frame - Black- 44,137.0,M ,2013-07-01,,2026-08-22 11:42:50
533,CO-MF-FR-M21B-48,LL Mountain Frame - Black- 48,137.0,M ,2013-07-01,,2026-08-22 11:42:50
534,CO-MF-FR-M21B-52,LL Mountain Frame - Black- 52,137.0,M ,2013-07-01,,2026-08-22 11:42:50
535,AC-TT-TI-M267,LL Mountain Tire,9.0,M ,2013-07-01,,2026-08-22 11:42:50
536,AC-TT-TI-M602,ML Mountain Tire,11.0,M ,2013-07-01,,2026-08-22 11:42:50
537,AC-TT-TI-M823,HL Mountain Tire,13.0,M ,2013-07-01,,2026-08-22 11:42:50
538,AC-TT-TI-R092,LL Road Tire,8.0,R ,2013-07-01,,2026-08-22 11:42:50
539,AC-TT-TI-R628,ML Road Tire,9.0,R ,2013-07-01,,2026-08-22 11:42:50
540,AC-TT-TI-R982,HL Road Tire,12.0,R ,2013-07-01,,2026-08-22 11:42:50
541,AC-TT-TI-T723,Touring Tire,11.0,T ,2013-07-01,,2026-08-22 11:42:50
542,CO-PE-PD-M282,LL Mountain Pedal,18.0,M ,2013-07-01,,2026-08-22 11:42:50
543,CO-PE-PD-M340,ML Mountain Pedal,28.0,M ,2013-07-01,,2026-08-22 11:42:50
544,CO-PE-PD-M562,HL Mountain Pedal,36.0,M ,2013-07-01,,2026-08-22 11:42:50
545,CO-PE-PD-R347,LL Road Pedal,18.0,R ,2013-07-01,,2026-08-22 11:42:50
546,CO-PE-PD-R563,ML Road Pedal,28.0,R ,2013-07-01,,2026-08-22 11:42:50
547,CO-PE-PD-R853,HL Road Pedal,36.0,R ,2013-07-01,,2026-08-22 11:42:50
548,CO-PE-PD-T852,Touring Pedal,36.0,T ,2013-07-01,,2026-08-22 11:42:50
549,CO-MF-FR-M63S-38,ML Mountain Frame-W - Silver- 38,199.0,M ,2013-07-01,,2026-08-22 11:42:50
550,CO-MF-FR-M21B-40,LL Mountain Frame - Black- 40,137.0,M ,2013-07-01,,2026-08-22 11:42:50
551,CO-MF-FR-M21S-40,LL Mountain Frame - Silver- 40,145.0,M ,2013-07-01,,2026-08-22 11:42:50
552,CO-DE-FD-2342,Front Derailleur,41.0,,2013-07-01,,2026-08-22 11:42:50
553,CO-HB-HB-T721,LL Touring Handlebars,20.0,T ,2013-07-01,,2026-08-22 11:42:50
554,CO-HB-HB-T928,HL Touring Handlebars,41.0,T ,2013-07-01,,2026-08-22 11:42:50
555,CO-BR-FB-9873,Front Brakes,47.0,,2013-07-01,,2026-08-22 11:42:50
556,CO-CS-CS-4759,LL Crankset,78.0,,2013-07-01,,2026-08-22 11:42:50
557,CO-CS-CS-6583,ML Crankset,114.0,,2013-07-01,,2026-08-22 11:42:50
558,CO-CS-CS-9183,HL Crankset,180.0,,2013-07-01,,2026-08-22 11:42:50
559,CO-CH-CH-0234,Chain,9.0,,2013-07-01,,2026-08-22 11:42:50
560,BI-TB-BK-T44U-60,Touring-2000 Blue- 60,755.0,T ,2013-07-01,,2026-08-22 11:42:50
561,BI-TB-BK-T79Y-46,Touring-1000 Yellow- 46,1482.0,T ,2013-07-01,,2026-08-22 11:42:50
562,BI-TB-BK-T79Y-50,Touring-1000 Yellow- 50,1482.0,T ,2013-07-01,,2026-08-22 11:42:50
563,BI-TB-BK-T79Y-54,Touring-1000 Yellow- 54,1482.0,T ,2013-07-01,,2026-08-22 11:42:50
564,BI-TB-BK-T79Y-60,Touring-1000 Yellow- 60,1482.0,T ,2013-07-01,,2026-08-22 11:42:50
565,BI-TB-BK-T18U-54,Touring-3000 Blue- 54,461.0,T ,2013-07-01,,2026-08-22 11:42:50
566,BI-TB-BK-T18U-58,Touring-3000 Blue- 58,461.0,T ,2013-07-01,,2026-08-22 11:42:50
567,BI-TB-BK-T18U-62,Touring-3000 Blue- 62,461.0,T ,2013-07-01,,2026-08-22 11:42:50
568,BI-TB-BK-T18Y-44,Touring-3000 Yellow- 44,461.0,T ,2013-07-01,,2026-08-22 11:42:50
569,BI-TB-BK-T18Y-50,Touring-3000 Yellow- 50,461.0,T ,2013-07-01,,2026-08-22 11:42:50
570,BI-TB-BK-T18Y-54,Touring-3000 Yellow- 54,461.0,T ,2013-07-01,,2026-08-22 11:42:50
571,BI-TB-BK-T18Y-58,Touring-3000 Yellow- 58,461.0,T ,2013-07-01,,2026-08-22 11:42:50
572,BI-TB-BK-T18Y-62,Touring-3000 Yellow- 62,461.0,T ,2013-07-01,,2026-08-22 11:42:50
573,BI-TB-BK-T79U-46,Touring-1000 Blue- 46,1482.0,T ,2013-07-01,,2026-08-22 11:42:50
574,BI-TB-BK-T79U-50,Touring-1000 Blue- 50,1482.0,T ,2013-07-01,,2026-08-22 11:42:50
575,BI-TB-BK-T79U-54,Touring-1000 Blue- 54,1482.0,T ,2013-07-01,,2026-08-22 11:42:50
576,BI-TB-BK-T79U-60,Touring-1000 Blue- 60,1482.0,T ,2013-07-01,,2026-08-22 11:42:50
577,BI-TB-BK-T44U-46,Touring-2000 Blue- 46,755.0,T ,2013-07-01,,2026-08-22 11:42:50
578,BI-TB-BK-T44U-50,Touring-2000 Blue- 50,755.0,T ,2013-07-01,,2026-08-22 11:42:50
579,BI-TB-BK-T44U-54,Touring-2000 Blue- 54,755.0,T ,2013-07-01,,2026-08-22 11:42:50
580,BI-RB-BK-R79Y-40,Road-350-W Yellow- 40,1083.0,R ,2013-07-01,,2026-08-22 11:42:50
581,BI-RB-BK-R79Y-42,Road-350-W Yellow- 42,1083.0,R ,2013-07-01,,2026-08-22 11:42:50
582,BI-RB-BK-R79Y-44,Road-350-W Yellow- 44,1083.0,R ,2013-07-01,,2026-08-22 11:42:50
583,BI-RB-BK-R79Y-48,Road-350-W Yellow- 48,1083.0,R ,2013-07-01,,2026-08-22 11:42:50
584,BI-RB-BK-R19B-58,Road-750 Black- 58,344.0,R ,2013-07-01,,2026-08-22 11:42:50
585,BI-TB-BK-T18U-44,Touring-3000 Blue- 44,461.0,T ,2013-07-01,,2026-08-22 11:42:50
586,BI-TB-BK-T18U-50,Touring-3000 Blue- 50,461.0,T ,2013-07-01,,2026-08-22 11:42:50
587,BI-MB-BK-M38S-38,Mountain-400-W Silver- 38,420.0,M ,2013-07-01,,2026-08-22 11:42:50
588,BI-MB-BK-M38S-40,Mountain-400-W Silver- 40,420.0,M ,2013-07-01,,2026-08-22 11:42:50
589,BI-MB-BK-M38S-42,Mountain-400-W Silver- 42,420.0,M ,2013-07-01,,2026-08-22 11:42:50
590,BI-MB-BK-M38S-46,Mountain-400-W Silver- 46,420.0,M ,2013-07-01,,2026-08-22 11:42:50
591,BI-MB-BK-M18S-40,Mountain-500 Silver- 40,308.0,M ,2013-07-01,,2026-08-22 11:42:50
592,BI-MB-BK-M18S-42,Mountain-500 Silver- 42,308.0,M ,2013-07-01,,2026-08-22 11:42:50
593,BI-MB-BK-M18S-44,Mountain-500 Silver- 44,308.0,M ,2013-07-01,,2026-08-22 11:42:50
594,BI-MB-BK-M18S-48,Mountain-500 Silver- 48,308.0,M ,2013-07-01,,2026-08-22 11:42:50
595,BI-MB-BK-M18S-52,Mountain-500 Silver- 52,308.0,M ,2013-07-01,,2026-08-22 11:42:50
596,BI-MB-BK-M18B-40,Mountain-500 Black- 40,295.0,M ,2013-07-01,,2026-08-22 11:42:50
597,BI-MB-BK-M18B-42,Mountain-500 Black- 42,295.0,M ,2013-07-01,,2026-08-22 11:42:50
598,BI-MB-BK-M18B-44,Mountain-500 Black- 44,295.0,M ,2013-07-01,,2026-08-22 11:42:50
599,BI-MB-BK-M18B-48,Mountain-500 Black- 48,295.0,M ,2013-07-01,,2026-08-22 11:42:50
600,BI-MB-BK-M18B-52,Mountain-500 Black- 52,295.0,M ,2013-07-01,,2026-08-22 11:42:50
601,CO-BB-BB-7421,LL Bottom Bracket,24.0,,2013-07-01,,2026-08-22 11:42:50
602,CO-BB-BB-8107,ML Bottom Bracket,45.0,,2013-07-01,,2026-08-22 11:42:50
603,CO-BB-BB-9108,HL Bottom Bracket,54.0,,2013-07-01,,2026-08-22 11:42:50
604,BI-RB-BK-R19B-44,Road-750 Black- 44,344.0,R ,2013-07-01,,2026-08-22 11:42:50
605,BI-RB-BK-R19B-48,Road-750 Black- 48,344.0,R ,2013-07-01,,2026-08-22 11:42:50
606,BI-RB-BK-R19B-52,Road-750 Black- 52,344.0,R ,2013-07-01,,2026-08-22 11:42:50
